symbol,shortName,sector,price,marketCap,volume
AACB,Artius II Acquisition Inc.,Financial Services,10.39,287543264,24619
AACBU,Artius II Acquisition Inc.,Financial Services,10.67,268617248,72
AACG,ATA Creativity Global,Consumer Defensive,1.12,35585156,20906
AAL,"American Airlines Group, Inc.",Industrials,13.3,8782004224,56013129
AAME,Atlantic American Corporation,Financial Services,2.71,55276488,25298
AAOI,"Applied Optoelectronics, Inc.",Technology,43.61,2977686016,5355870
AAON,"AAON, Inc.",Industrials,91.06,7433596928,1033650
AAPG,Ascentage Pharma Group Internat,Healthcare,24.18,2262046464,4665
AAPL,Apple Inc.,Technology,259.48,3813817974784,46590713
AARD,"Aardvark Therapeutics, Inc.",Healthcare,12.99,282834784,203042
ABAT,American Battery Technology Com,Industrials,4.04,525078624,7086703
ABCL,AbCellera Biologics Inc.,Healthcare,3.62,1083592832,4405311
ABEO,Abeona Therapeutics Inc.,Healthcare,5.09,275834016,1682400
ABLV,Able View Global Inc.,Consumer Cyclical,0.7103,35081664,371316
ABNB,"Airbnb, Inc.",Consumer Cyclical,129.37,79204925440,4727744
ABOS,"Acumen Pharmaceuticals, Inc.",Healthcare,2.6,157490896,537759
ABP,"Abpro Holdings, Inc",Healthcare,1.93,5242416,83809
ABSI,Absci Corporation,Healthcare,2.99,449610880,4022698
ABTC,American Bitcoin Corp.,Financial Services,1.51,1400683520,11892588
ABTS,Abits Group Inc,Financial Services,3.9,9242985,14204
ABUS,Arbutus Biopharma Corporation,Healthcare,4.13,794298240,1287575
ABVC,"ABVC Biopharma, Inc.",Healthcare,2.02,49088196,64639
ABVE,Above Food Ingredients Inc.,Consumer Defensive,2.01,102895616,1955642
ABVX,Abivax SA,Healthcare,111.15,8719067136,1660385
ACAD,ACADIA Pharmaceuticals Inc.,Healthcare,25.13,4251539200,1427509
ACB,Aurora Cannabis Inc.,Healthcare,4.06,229695696,1644196
ACCL,Acco Group Holdings Limited,Industrials,1.3,18134870,533003
ACDC,ProFrac Holding Corp.,Energy,5.21,942338880,1272390
ACET,"Adicet Bio, Inc.",Healthcare,7.99,76704000,165770
ACFN,"Acorn Energy, Inc.",Technology,17.72,44381972,46070
ACGL,Arch Capital Group Ltd.,Financial Services,96.04,35844075520,2225157
ACGLO,Arch Capital Group Ltd. - Depos,Financial Services,21.18,12349826048,28667
ACHC,"Acadia Healthcare Company, Inc.",Healthcare,13.44,1215570816,3260354
ACHV,"Achieve Life Sciences, Inc.",Healthcare,4.18,222518064,700621
ACIC,American Coastal Insurance Corp,Financial Services,11.05,538856640,155900
ACIU,AC Immune SA,Healthcare,3.19,320914016,692627
ACIW,"ACI Worldwide, Inc.",Technology,43.36,4474408448,717519
ACLS,"Axcelis Technologies, Inc.",Technology,88.07,2730093568,555685
ACLX,"Arcellx, Inc.",Healthcare,68.31,3949880320,1050196
ACMR,"ACM Research, Inc.",Technology,58.12,3770619392,1399363
ACNB,ACNB Corporation,Financial Services,50.52,524640704,25852
ACNT,Ascent Industries Co.,Basic Materials,16.21,152049792,75483
ACOG,Alpha Cognition Inc.,Healthcare,4.84,105231784,87573
ACON,"Aclarion, Inc.",Healthcare,3.31,3489968,852278
ACRS,"Aclaris Therapeutics, Inc.",Healthcare,3.51,380291776,1903255
ACRV,"Acrivon Therapeutics, Inc.",Healthcare,1.79,56483676,1786693
ACT,"Enact Holdings, Inc.",Financial Services,39.77,5866298368,273170
ACTG,Acacia Research Corporation,Industrials,3.98,383912288,204272
ACTU,"Actuate Therapeutics, Inc.",Healthcare,4.71,109476072,74942
ACXP,"Acurx Pharmaceuticals, Inc.",Healthcare,2.365,5553287,64909
ADAG,Adagene Inc.,Healthcare,2.75,129611000,174529
ADAM,"Adamas Trust, Inc.",Real Estate,8.0,722508608,676344
ADBE,Adobe Inc.,Technology,293.25,122754449408,4283080
ADEA,Adeia Inc.,Technology,18.09,1981039360,963919
ADGM,"Adagio Medical Holdings, Inc",Healthcare,1.0,21179636,164190
ADI,"Analog Devices, Inc.",Technology,310.88,152223678464,3793862
ADIL,"Adial Pharmaceuticals, Inc",Healthcare,0.213,5916983,336236
ADMA,ADMA Biologics Inc,Healthcare,17.3,4128311296,2873219
ADP,"Automatic Data Processing, Inc.",Technology,246.82,99826040832,2334465
ADPT,Adaptive Biotechnologies Corpor,Healthcare,18.5,2824305920,2377285
ADSE,ADS-TEC ENERGY PLC,Industrials,12.07,725678976,25849
ADSK,"Autodesk, Inc.",Technology,252.87,53861310464,1641119
ADTN,"ADTRAN Holdings, Inc.",Technology,9.22,738669440,1443727
ADTX,"Aditxt, Inc.",Healthcare,0.8163,1449767,2753586
ADUR,Aduro Clean Technologies Inc.,Industrials,12.98,431961056,476400
ADUS,Addus HomeCare Corporation,Healthcare,103.48,1912649088,190434
ADV,Advantage Solutions Inc.,Communication Services,1.08,352373664,803426
ADVB,Advanced Biomed Inc.,Healthcare,0.3019,6533116,579516
ADXN,Addex Therapeutics Ltd,Healthcare,7.66,9437104,6198
AEAQ,Activate Energy Acquisition Cor,Unknown,9.91,310298624,82800
AEAQW,Activate Energy Acquisition Corp. Warrant,Unknown,0.28,3310300,0
AEBI,Aebi Schmidt Holding AG,Industrials,14.64,1132283776,198490
AEC,Anfield Energy Inc.,Energy,8.29,144422208,108749
AEHL,Antelope Enterprise Holdings Li,Industrials,0.8987,4648143,4373624
AEHR,Aehr Test Systems,Technology,25.64,785285056,901947
AEI,Alset Inc.,Real Estate,3.07,119439136,37362
AEIS,"Advanced Energy Industries, Inc",Industrials,255.36,9638687744,583921
AEMD,"Aethlon Medical, Inc.",Healthcare,2.5,2433032,123863
AENT,Alliance Entertainment Holding ,Communication Services,6.91,766715392,59106
AEP,American Electric Power Company,Utilities,119.775,64111439872,3392409
AERT,"Aeries Technology, Inc.",Industrials,0.5149,25154828,126668
AEVA,"Aeva Technologies, Inc.",Technology,12.77,767220480,2978591
AEYE,"AudioEye, Inc.",Technology,9.42,116983376,107821
AFBI,"Affinity Bancshares, Inc.",Financial Services,20.17,124400552,5091
AFCG,Advanced Flower Capital Inc.,Real Estate,2.3,51967444,334022
AFJK,"Aimei Health Technology Co., Lt",Financial Services,52.6,322003136,218732
AFRI,Forafric Global PLC,Consumer Defensive,10.02,269553952,16760
AFRM,"Affirm Holdings, Inc.",Financial Services,60.3,19903438848,5430840
AFYA,Afya Limited,Consumer Defensive,15.04,1365797632,103704
AGAE,Allied Gaming & Entertainment I,Communication Services,0.29,11024185,758370
AGCC,Agencia Comercial Spirits Ltd,Consumer Defensive,10.13,201348944,147078
AGEN,Agenus Inc.,Healthcare,2.84,102642368,682055
AGH,Aureus Greenway Holdings Inc.,Consumer Cyclical,3.32,49986904,58393
AGIO,"Agios Pharmaceuticals, Inc.",Healthcare,27.44,1600131072,1647490
AGMH,AGM Group Holdings Inc.,Technology,1.72,3954163,133213
AGNC,AGNC Investment Corp.,Real Estate,11.4,12626639872,20442198
AGNCM,AGNC Investment Corp. - Deposit,Real Estate,24.96,8873155584,15749
AGNCN,AGNC Investment Corp. - Deposit,Real Estate,25.58,8785476608,30181
AGPU,Axe Compute Inc.,Technology,2.86,9705458,133578
AGRZ,Agroz Inc.,Consumer Defensive,0.44,9536333,299663
AGYS,"Agilysys, Inc.",Technology,86.75,2438390528,222811
AHCO,AdaptHealth Corp.,Healthcare,10.05,1361014656,1071011
AHG,Akso Health Group,Healthcare,1.42,779865280,16034
AHMA,Ambitions Enterprise Management,Consumer Cyclical,30.34,901856512,1857403
AIFF,"Firefly Neuroscience, Inc.",Technology,0.8749,11804962,157477
AIFU,AIFU Inc.,Financial Services,2.05,237689360,26381
AIHS,Senmiao Technology Limited,Industrials,1.16,5286688,37786
AIIO,Robo.ai Inc.,Consumer Cyclical,0.2147,79513808,8734519
AIMD,"Ainos, Inc.",Technology,2.0,13965350,632231
AIOT,"PowerFleet, Inc.",Technology,5.11,683843840,1231432
AIP,"Arteris, Inc.",Technology,15.01,655693440,572473
AIRE,reAlpha Tech Corp.,Real Estate,0.3778,49393824,6084698
AIRG,"Airgain, Inc.",Technology,4.22,50463572,47555
AIRJ,AirJoule Technologies Corporati,Industrials,3.22,218176352,512714
AIRO,"AIRO Group Holdings, Inc.",Industrials,10.29,322116448,744965
AIRS,"AirSculpt Technologies, Inc.",Healthcare,2.97,185436912,1427421
AIRT,"Air T, Inc.",Industrials,22.53,60890480,1663
AIRTP,"Air T, Inc. - Trust Preferred S",Industrials,20.28,488526976,3824
AISP,"Airship AI Holdings, Inc",Technology,3.11,106286000,959208
AIXC,"AIxCrypto Holdings, Inc.",Technology,1.77,9133880,138385
AIXI,XIAO-I Corporation,Technology,0.226,3016974,310291
AKAM,"Akamai Technologies, Inc.",Technology,97.15,13976507392,3440640
AKAN,Akanda Corp.,Healthcare,1.28,2689953,1363185
AKBA,"Akebia Therapeutics, Inc.",Healthcare,1.41,374166048,3691198
AKTS,"Aktis Oncology, Inc.",Healthcare,20.25,1063576192,527480
AKTX,Akari Therapeutics Plc,Healthcare,0.2346,8384541,1179445
ALAB,"Astera Labs, Inc.",Technology,150.62,25440262144,5517418
ALAR,Alarum Technologies Ltd.,Technology,7.48,54607928,73998
ALBT,Avalon GloboCare Corp.,Real Estate,0.786,3342079,224881
ALCO,"Alico, Inc.",Consumer Defensive,41.31,316296064,26065
ALCY,Alchemy Investments Acquisition,Financial Services,11.67,49107872,51708
ALDF,Aldel Financial II Inc.,Financial Services,10.56,315408352,9739
ALDX,"Aldeyra Therapeutics, Inc.",Healthcare,5.36,322472480,1051918
ALEC,"Alector, Inc.",Healthcare,1.89,206296288,1420073
ALF,Centurion Acquisition Corp.,Financial Services,10.73,385609344,25260
ALGM,"Allegro MicroSystems, Inc.",Technology,36.91,6832743936,2196873
ALGN,"Align Technology, Inc.",Healthcare,163.03,11817452544,1193936
ALGS,"Aligos Therapeutics, Inc.",Healthcare,8.07,49659404,77755
ALGT,Allegiant Travel Company,Industrials,88.63,1623132160,397216
ALHC,"Alignment Healthcare, Inc.",Healthcare,22.53,4508067328,2729540
ALIS,Calisa Acquisition Corp,Financial Services,10.0,84275000,46312
ALKS,Alkermes plc,Healthcare,33.89,5595832320,2256052
ALKT,"Alkami Technology, Inc.",Technology,21.19,2225035008,1454621
ALLO,"Allogene Therapeutics, Inc.",Healthcare,1.84,413503488,3767995
ALLR,"Allarity Therapeutics, Inc.",Healthcare,1.0,16080980,166001
ALLT,Allot Ltd.,Technology,9.83,476023808,423944
ALM,Almonty Industries Inc.,Basic Materials,11.29,2895759360,3235927
ALMS,Alumis Inc.,Healthcare,24.51,3056174080,2918470
ALMU,"Aeluma, Inc.",Technology,15.79,281975680,368714
ALNT,Allient Inc.,Technology,61.01,1033722688,170175
ALNY,"Alnylam Pharmaceuticals, Inc.",Healthcare,338.06,44662394880,1381855
ALOT,"AstroNova, Inc.",Technology,9.09,69433272,17183
ALPS,ALPS Group Inc,Unknown,0.9698,161375024,382421
ALRM,"Alarm.com Holdings, Inc.",Technology,48.78,2434367488,389281
ALRS,Alerus Financial Corporation,Financial Services,24.62,625502592,106000
ALT,"Altimmune, Inc.",Healthcare,5.6,701296512,4911059
ALTI,"AlTi Global, Inc.",Financial Services,4.69,692126976,141885
ALTO,"Alto Ingredients, Inc.",Basic Materials,2.5,193494256,1937514
ALTS,ALT5 Sigma Corporation,Technology,2.1,265018240,4212532
ALVO,Alvotech,Healthcare,5.37,1673298176,604654
ALXO,ALX Oncology Holdings Inc.,Healthcare,1.74,94339320,289900
ALZN,"Alzamend Neuro, Inc.",Healthcare,2.15,8173451,83277
AMAL,Amalgamated Financial Corp.,Financial Services,38.84,1162726656,191313
AMAT,"Applied Materials, Inc.",Technology,322.32,255832309760,7498898
AMBA,"Ambarella, Inc.",Technology,64.04,2756953344,983085
AMBR,Amber International Holding Lim,Technology,2.51,235144144,1679819
AMCI,AMC Robotics Corporation,Technology,5.09,115010512,4367822
AMCX,AMC Networks Inc.,Communication Services,7.71,335591392,408014
AMD,"Advanced Micro Devices, Inc.",Technology,236.73,385406271488,39513529
AMGN,Amgen Inc.,Healthcare,341.88,184095768576,2911690
AMIX,"Autonomix Medical, Inc.",Healthcare,0.398,2749255,8532675
AMKR,"Amkor Technology, Inc.",Technology,48.33,11946859520,3750027
AMLX,"Amylyx Pharmaceuticals, Inc.",Healthcare,14.29,1569321600,1646250
AMOD,"Alpha Modus Holdings, Inc.",Technology,1.045,49577048,2192514
AMPG,"Amplitech Group, Inc.",Technology,3.04,76551152,697214
AMPH,"Amphastar Pharmaceuticals, Inc.",Healthcare,26.49,1231654656,387685
AMPL,"Amplitude, Inc.",Technology,9.17,1225902208,1348465
AMRN,Amarin Corporation plc,Healthcare,14.92,310226848,93670
AMRX,"Amneal Pharmaceuticals, Inc.",Healthcare,13.68,4300484608,2442147
AMSC,American Superconductor Corpora,Industrials,29.92,1424309632,972591
AMSF,"AMERISAFE, Inc.",Financial Services,37.61,714238464,150113
AMST,Amesite Inc.,Technology,1.83,8368065,184514
AMTX,"Aemetis, Inc",Basic Materials,1.53,101286000,951836
AMWD,American Woodmark Corporation,Consumer Cyclical,59.39,865262976,183065
AMZN,"Amazon.com, Inc.",Consumer Cyclical,239.3,2558168662016,41512196
ANAB,"AnaptysBio, Inc.",Healthcare,47.41,1326199808,555277
ANDE,"The Andersons, Inc.",Consumer Defensive,61.99,2120706432,332313
ANEB,"Anebulo Pharmaceuticals, Inc.",Healthcare,1.05,42991060,66385
ANGH,Anghami Inc.,Communication Services,2.71,24565836,817688
ANGI,Angi Inc.,Communication Services,12.98,575561280,1070944
ANGO,"AngioDynamics, Inc.",Healthcare,10.36,427012096,592167
ANIK,Anika Therapeutics Inc.,Healthcare,9.23,133107848,156722
ANIP,"ANI Pharmaceuticals, Inc.",Healthcare,81.85,1838200960,475447
ANIX,"Anixa Biosciences, Inc.",Healthcare,3.04,101473688,312944
ANL,Adlai Nortye Ltd.,Healthcare,10.63,392249856,742711
ANNA,"AleAnna, Inc.",Energy,2.6713,108614736,13896
ANNX,"Annexon, Inc.",Healthcare,6.24,930108608,2869657
ANPA,Rich Sparkle Holdings Limited,Industrials,83.0,1037500032,97408
ANSC,Agriculture & Natural Solutions,Financial Services,11.22,466160032,152947
ANTA,Antalpha Platform Holding Compa,Financial Services,9.26,219253648,5845
ANTX,"AN2 Therapeutics, Inc.",Healthcare,1.13,30964286,88755
ANY,Sphere 3D Corp.,Financial Services,0.244,8229917,457245
AOSL,Alpha and Omega Semiconductor L,Technology,22.1,664358080,364544
AOUT,"American Outdoor Brands, Inc.",Consumer Cyclical,9.06,114670384,78650
APA,APA Corporation,Energy,26.41,9449140224,6297726
APAC,StoneBridge Acquisition II Corp,Financial Services,10.05,80906704,34823
APAD,A Paradise Acquisition Corp.,Financial Services,10.05,274030016,71727
APEI,"American Public Education, Inc.",Consumer Defensive,41.78,755592512,273973
APGE,"Apogee Therapeutics, Inc.",Healthcare,65.51,4475658752,946073
API,"Agora, Inc.",Technology,4.17,378323264,451993
APLD,Applied Digital Corporation,Technology,33.88,9472367616,31219019
APLM,Apollomics Inc.,Healthcare,18.3,39223268,34377
APLMW,Apollomics Inc. Warrant,Unknown,0.0147,40978720,0
APLS,"Apellis Pharmaceuticals, Inc.",Healthcare,22.58,2856939264,2929422
APLT,"Applied Therapeutics, Inc.",Healthcare,0.1028,14834109,15801690
APM,Aptorum Group Limited,Healthcare,0.9468,7710510,71032
APOG,"Apogee Enterprises, Inc.",Industrials,37.13,798700928,252186
APP,Applovin Corporation,Communication Services,473.11,160029409280,4560045
APPF,"AppFolio, Inc.",Technology,189.88,6820749312,270383
APPN,Appian Corporation,Technology,27.9,2065491712,898022
APPS,"Digital Turbine, Inc.",Technology,5.22,585417216,3191052
APRE,"Aprea Therapeutics, Inc.",Healthcare,0.796,5567095,1958216
APVO,Aptevo Therapeutics Inc.,Healthcare,7.27,11352737,182505
APWC,Asia Pacific Wire & Cable Corpo,Industrials,1.7,36047480,13906
APXT,Apex Treasury Corporation,Financial Services,9.98,458680768,199852
APYX,Apyx Medical Corporation,Healthcare,4.02,164939088,119977
AQB,"AquaBounty Technologies, Inc.",Consumer Defensive,0.91,3528702,42801
AQMS,"Aqua Metals, Inc.",Industrials,4.77,14220434,379986
AQST,"Aquestive Therapeutics, Inc.",Healthcare,2.95,359909184,3937331
ARAI,Arrive AI Inc.,Technology,1.86,63636904,877727
ARAY,Accuray Incorporated,Healthcare,0.8073,91500296,1031463
ARBB,ARB IOT Group Limited,Technology,5.81,10256137,84975
ARBE,Arbe Robotics Ltd.,Technology,1.23,150568128,4436424
ARBK,Argo Blockchain plc,Financial Services,4.06,1354570,129669
ARCB,ArcBest Corporation,Industrials,90.22,2030944384,378286
ARCC,Ares Capital Corporation,Financial Services,19.89,14257681408,4617901
ARCT,Arcturus Therapeutics Holdings ,Healthcare,7.47,212254672,726950
ARDX,"Ardelyx, Inc.",Healthcare,7.69,1868472448,4179057
AREB,"American Rebel Holdings, Inc.",Consumer Cyclical,0.2773,235953,3147344
AREC,American Resources Corporation,Basic Materials,3.16,325754912,6207913
ARGX,argenx SE,Healthcare,840.5,52013002752,342562
ARHS,"Arhaus, Inc.",Consumer Cyclical,10.18,1436026624,1279377
ARKO,ARKO Corp.,Consumer Cyclical,5.31,598661824,480196
ARKR,Ark Restaurants Corp.,Consumer Cyclical,6.56,23656396,9509
ARLP,"Alliance Resource Partners, L.P",Energy,23.82,3059155456,329181
ARM,Arm Holdings plc,Technology,105.36,111786811392,4973201
AROW,Arrow Financial Corporation,Financial Services,33.81,556017024,69250
ARQ,"Arq, Inc.",Industrials,3.56,151990224,447637
ARQQ,Arqit Quantum Inc.,Technology,20.32,318045760,384152
ARQT,"Arcutis Biotherapeutics, Inc.",Healthcare,25.37,3107627008,2026593
ARRY,"Array Technologies, Inc.",Technology,11.325,1729868416,6554981
ARTL,"Artelo Biosciences, Inc.",Healthcare,1.71,3452055,646652
ARTNA,Artesian Resources Corporation,Utilities,33.36,344866176,26281
ARTV,"Artiva Biotherapeutics, Inc.",Healthcare,3.89,95479680,1046616
ARTW,"Art's-Way Manufacturing Co., In",Industrials,2.56,13076695,25752
ARVN,"Arvinas, Inc.",Healthcare,13.38,982327360,1476814
ARWR,"Arrowhead Pharmaceuticals, Inc.",Healthcare,69.33,9706941440,2678613
ASBP,"Aspire Biopharma Holdings, Inc.",Healthcare,2.13,8520000,1356785
ASLE,AerSale Corporation,Industrials,7.49,353415744,381231
ASMB,"Assembly Biosciences, Inc.",Healthcare,25.775,407686784,129149
ASML,ASML Holding N.V. - New York Re,Technology,1423.0,552334131200,1650937
ASND,Ascendis Pharma A/S,Healthcare,226.1,13814293504,670262
ASNS,"Actelis Networks, Inc.",Technology,0.4652,3748764,1541984
ASO,"Academy Sports and Outdoors, In",Consumer Cyclical,55.01,3668138240,1659278
ASPC,A SPAC III Acquisition Corp.,Financial Services,14.05,32843014,336209
ASPI,ASP Isotopes Inc.,Basic Materials,6.34,793198208,6391567
ASPS,Altisource Portfolio Solutions ,Real Estate,5.37,59035356,21539
ASRT,"Assertio Holdings, Inc.",Healthcare,11.78,75589976,50856
ASRV,AmeriServ Financial Inc.,Financial Services,3.3,55952384,18983
ASST,"Strive, Inc.",Financial Services,0.8211,1024270336,102043922
ASTC,Astrotech Corporation,Technology,3.2,5628649,55772
ASTE,"Astec Industries, Inc.",Industrials,48.72,1114510976,191506
ASTH,Astrana Health Inc.,Healthcare,22.74,1140538624,573334
ASTI,"Ascent Solar Technologies, Inc",Technology,4.99,23513952,2479898
ASTL,Algoma Steel Group Inc.,Basic Materials,4.18,438623264,1320437
ASTS,"AST SpaceMobile, Inc.",Technology,111.21,40858697728,14348445
ASUR,Asure Software Inc,Technology,9.62,267088480,90777
ASYS,"Amtech Systems, Inc.",Technology,16.81,241978016,272963
ATAI,AtaiBeckley Inc.,Healthcare,3.76,1365686912,4031424
ATAT,Atour Lifestyle Holdings Limite,Consumer Cyclical,35.74,4938766336,1234460
ATCX,Atlas Critical Minerals Corpora,Unknown,7.1,35481868,224846
ATEC,"Alphatec Holdings, Inc.",Healthcare,14.83,2202999296,2788480
ATER,"Aterian, Inc.",Consumer Cyclical,0.6926,6944732,132675
ATEX,Anterix Inc.,Communication Services,26.265,492200640,255762
ATGL,Alpha Technology Group Limited,Technology,20.8,342420000,36275
ATHE,Alterity Therapeutics Limited,Healthcare,3.17,57458452,14914
ATHR,"Aether Holdings, Inc.",Technology,6.03,73069048,10600
ATII,Archimedes Tech SPAC Partners I,Financial Services,10.65,315133504,29824
ATIIU,Archimedes Tech SPAC Partners I,Financial Services,10.93,281611456,1109
ATLC,Atlanticus Holdings Corporation,Financial Services,51.63,781757184,73732
ATLN,Atlantic International Corp.,Industrials,3.46,245803808,191772
ATLO,Ames National Corporation,Financial Services,26.1,232085568,23765
ATLX,Atlas Lithium Corporation,Basic Materials,5.03,133568296,638781
ATNI,"ATN International, Inc.",Communication Services,24.19,369076320,54222
ATOM,Atomera Incorporated,Technology,2.93,92825424,518921
ATON,AlphaTON Capital Corp.,Financial Services,0.6329,8426803,6460929
ATOS,"Atossa Therapeutics, Inc.",Healthcare,0.565,4865458,1348377
ATPC,Agape ATP Corporation,Consumer Defensive,0.0706,3531906,38139368
ATRA,"Atara Biotherapeutics, Inc.",Healthcare,5.2,37493220,289685
ATRC,"AtriCure, Inc.",Healthcare,36.93,1836048384,518142
ATRO,Astronics Corporation,Industrials,75.75,2698905856,728513
ATXG,Addentax Group Corp.,Industrials,0.3333,3904725,61959
ATYR,"aTyr Pharma, Inc.",Healthcare,0.8828,86502600,2580147
AUBN,"Auburn National Bancorporation,",Financial Services,24.86,86853360,2013
AUDC,AudioCodes Ltd.,Technology,8.35,239454864,111262
AUGO,Aura Minerals Inc.,Basic Materials,63.69,5320312320,704403
AUID,authID Inc.,Technology,1.78,26824924,6849695
AUPH,Aurinia Pharmaceuticals Inc,Healthcare,14.53,1915643264,1480677
AUR,"Aurora Innovation, Inc.",Technology,4.2,8128558080,16588355
AURA,"Aura Biosciences, Inc.",Healthcare,5.6,355618304,194721
AURE,Aurelion Inc.,Financial Services,0.2867,99194856,560108
AUTL,Autolus Therapeutics plc,Healthcare,1.37,364616288,2925072
AUUD,Auddia Inc.,Technology,0.9496,2945111,221280
AVAH,Aveanna Healthcare Holdings Inc,Healthcare,8.4,1754855424,1216570
AVAV,"AeroVironment, Inc.",Industrials,278.39,13900627968,1260775
AVBH,"Avidbank Holdings, Inc.",Financial Services,29.1,318668352,53573
AVBP,"ArriVent BioPharma, Inc.",Healthcare,22.49,928417792,404488
AVDL,Avadel Pharmaceuticals plc,Healthcare,21.55,2115164160,1885013
AVGO,Broadcom Inc.,Technology,331.3,1570783887360,29914786
AVIR,"Atea Pharmaceuticals, Inc.",Healthcare,4.24,331257600,433170
AVNW,"Aviat Networks, Inc.",Technology,21.81,279985184,105963
AVO,"Mission Produce, Inc.",Consumer Defensive,13.46,953496576,635172
AVPT,"AvePoint, Inc.",Technology,11.63,2509629696,1989427
AVR,Anteris Technologies Global Cor,Healthcare,5.97,578192960,729370
AVT,"Avnet, Inc.",Technology,62.39,5107430400,981490
AVTX,"Avalo Therapeutics, Inc.",Healthcare,15.11,279727744,348622
AVX,Avax One Technology Ltd.,Financial Services,0.8108,75138624,458903
AVXL,Anavex Life Sciences Corp.,Healthcare,4.7,419936064,2714736
AWRE,"Aware, Inc.",Technology,1.81,38686388,28642
AXG,Solowin Holdings,Financial Services,2.84,533042432,800816
AXGN,"AxoGen, Inc.",Healthcare,34.85,1748397056,918600
AXIN,Axiom Intelligence Acquisition ,Financial Services,10.1201,343408768,25606
AXON,"Axon Enterprise, Inc.",Industrials,483.58,38414270464,897616
AXSM,"Axsome Therapeutics, Inc.",Healthcare,184.25,9288528896,656947
AXTI,AXT Inc,Technology,18.54,1024782976,5335621
AYTU,"Aytu BioPharma, Inc.",Healthcare,2.6,26489340,94295
AZ,A2Z Cust2Mate Solutions Corp.,Technology,6.79,284659232,484054
AZI,Autozi Internet Technology (Glo,Consumer Cyclical,2.265,8428555,5642488
AZN,Astrazeneca PLC,Healthcare,92.77,287639601152,6520980
AZTA,"Azenta, Inc.",Healthcare,38.88,1788074752,660006
BACC,Blue Acquisition Corp.,Financial Services,10.23,286052928,133259
BACQ,Inflection Point Acquisition Co,Financial Services,10.58,449826336,399285
BAER,Bridger Aerospace Group Holding,Industrials,2.88,159964144,642234
BAFN,BayFirst Financial Corp.,Financial Services,6.81,27989128,9290
BAND,Bandwidth Inc.,Technology,13.97,426386496,207616
BANF,BancFirst Corporation,Financial Services,109.95,3687616512,125791
BANL,CBL International Limited,Energy,0.3352,9200621,41808
BANR,Banner Corporation,Financial Services,61.84,2108611456,203478
BANX,StoneCastle Financial Corp,Financial Services,21.23,165813984,37847
BAOS,Baosheng Media Group Holdings L,Communication Services,3.36,5155876,41159
BATRA,"Atlanta Braves Holdings, Inc. -",Communication Services,44.02,2769884672,56704
BATRK,"Atlanta Braves Holdings, Inc. -",Communication Services,39.93,2545910272,339050
BAYA,Bayview Acquisition Corp,Financial Services,11.9,41248516,7893
BBCP,"Concrete Pumping Holdings, Inc.",Industrials,5.78,297522336,106418
BBCQ,Bleichroeder Acquisition Corp. ,Unknown,9.93,380649984,253900
BBGI,"Beasley Broadcast Group, Inc.",Communication Services,5.01,9038010,896042
BBIO,"BridgeBio Pharma, Inc.",Healthcare,77.27,14807017472,2311521
BBLG,Bone Biologics Corp,Healthcare,1.64,2944226,311295
BBNX,"Beta Bionics, Inc.",Healthcare,13.83,608860672,1028718
BBOT,BridgeBio Oncology Therapeutics,Healthcare,11.72,937467456,233355
BBSI,"Barrett Business Services, Inc.",Industrials,38.0,976203456,196724
BCAB,"BioAtla, Inc.",Healthcare,0.269,17226866,2041709
BCAL,California BanCorp,Financial Services,17.99,583203072,221073
BCAR,D. Boral ARC Acquisition I Corp,Financial Services,10.19,419827968,513485
BCAX,Bicara Therapeutics Inc.,Healthcare,16.8,920336768,601465
BCBP,"BCB Bancorp, Inc. (NJ)",Financial Services,7.89,135930544,87752
BCDA,"BioCardia, Inc.",Healthcare,1.23,13053663,77895
BCG,"Binah Capital Group, Inc.",Financial Services,2.28,37853612,728032
BCIC,BCP Investment Corporation,Financial Services,12.28,161996880,77224
BCML,BayCom Corp,Financial Services,29.18,317996736,19424
BCPC,Balchem Corporation,Basic Materials,170.17,5522899968,177449
BCRX,"BioCryst Pharmaceuticals, Inc.",Healthcare,6.58,1632097024,4385142
BCTX,BriaCell Therapeutics Corp.,Healthcare,4.3,26774234,391698
BCYC,Bicycle Therapeutics plc,Healthcare,6.42,445341888,295370
BDCI,BTC Development Corp.,Financial Services,10.1,350941376,119063
BDMD,Baird Medical Investment Holdin,Healthcare,1.0,36725900,146503
BDRX,Biodexa Pharmaceuticals plc,Healthcare,1.77,1484653,1108063
BDSX,"Biodesix, Inc.",Healthcare,10.17,81360000,1432891
BDTX,"Black Diamond Therapeutics, Inc",Healthcare,2.49,141867536,1229508
BEAG,Bold Eagle Acquisition Corp.,Financial Services,10.62,332597152,59945
BEAM,Beam Therapeutics Inc.,Healthcare,27.62,2802737920,1975606
BEAT,"Heartbeam, Inc.",Healthcare,1.45,49943168,13211836
BEEM,Beam Global,Technology,1.6,30446954,1436550
BEEP,Mobile Infrastructure Corporati,Industrials,3.19,134937008,65691
BELFA,Bel Fuse Inc.,Technology,183.75,2571593728,40183
BELFB,Bel Fuse Inc.,Technology,201.19,2547178752,161411
BENF,Beneficient,Financial Services,4.59,63929672,152177
BETR,Better Home & Finance Holding C,Financial Services,30.31,475765088,513026
BFC,Bank First Corporation,Financial Services,139.54,1565358336,59883
BFRG,"Bullfrog AI Holdings, Inc.",Healthcare,0.61,6959944,583668
BFRI,Biofrontera Inc.,Healthcare,0.9303,10836435,241413
BFST,"Business First Bancshares, Inc.",Financial Services,28.17,924329728,120811
BGC,"BGC Group, Inc.",Financial Services,9.11,4327721984,2564921
BGIN,Bgin Blockchain Limited,Technology,2.99,338276480,52968
BGL,Blue Gold Limited,Basic Materials,2.88,89638848,1210236
BGLC,BioNexus Gene Lab Corp,Basic Materials,2.5968,6138409,117781
BGM,BGM Group Ltd.,Healthcare,3.53,708200448,17396
BGMS,"Bio Green Med Solution, Inc.",Healthcare,1.21,5929172,88978
BHAT,Blue Hat Interactive Entertainm,Communication Services,0.789,29134838,274003
BHF,"Brighthouse Financial, Inc.",Financial Services,64.06,3663213312,1247857
BHFAL,"Brighthouse Financial, Inc. - J",Unknown,0.0,3648619008,60006
BHFAP,"Brighthouse Financial, Inc. - D",Financial Services,16.84,2792021248,86586
BHRB,Burke & Herbert Financial Servi,Financial Services,65.48,984427200,71936
BHST,BioHarvest Sciences Inc.,Consumer Defensive,4.91,111294192,71014
BIAF,"bioAffinity Technologies, Inc.",Healthcare,1.14,5128528,87124
BIDU,"Baidu, Inc.",Communication Services,153.18,53399404544,3370675
BIIB,Biogen Inc.,Healthcare,179.89,26390272000,1958080
BILI,Bilibili Inc.,Communication Services,34.04,13888094208,2487660
BIOA,"BioAge Labs, Inc.",Healthcare,18.99,792879424,592611
BIOX,Bioceres Crop Solutions Corp.,Basic Materials,0.8378,53182552,498170
BIRD,"Allbirds, Inc.",Consumer Cyclical,3.91,32113190,72662
BITF,Bitfarms Ltd.,Financial Services,2.34,1399140864,53073936
BIVI,BioVie Inc.,Healthcare,1.14,8592726,97152
BIXI,Bitcoin Infrastructure Acquisit,Unknown,9.9,301323008,23385
BIYA,Baiya International Group Inc.,Technology,4.38,5578412,687714
BJDX,"Bluejay Diagnostics, Inc.",Healthcare,3.62,2564889,49696
BJRI,"BJ's Restaurants, Inc.",Consumer Cyclical,41.82,925233216,432896
BKHA,Black Hawk Acquisition Corporat,Financial Services,11.5,47766136,781
BKHAR,Black Hawk Acquisition Corporat,,1.38,1904400,0
BKNG,Booking Holdings Inc. Common St,Consumer Cyclical,5001.84,162109063168,245603
BKR,Baker Hughes Company,Energy,56.04,55298809856,8060849
BKYI,"BIO-key International, Inc.",Industrials,0.7255,7861966,11982870
BL,"BlackLine, Inc.",Technology,46.47,2875927296,778908
BLBD,Blue Bird Corporation,Industrials,50.31,1595579648,426998
BLBX,Blackboxstocks Inc.,Technology,11.205,48239028,124926
BLDP,"Ballard Power Systems, Inc.",Industrials,2.33,700721024,4508447
BLFS,"BioLife Solutions, Inc.",Healthcare,21.8,1049627392,340147
BLFY,Blue Foundry Bancorp,Financial Services,13.15,273010112,322563
BLIN,"Bridgeline Digital, Inc.",Technology,0.815,9962885,72957
BLIV,BeLive Holdings,Technology,3.28,35636552,4457
BLKB,"Blackbaud, Inc.",Technology,53.7,2604935168,348395
BLLN,"BillionToOne, Inc.",Healthcare,82.51,3776380416,240786
BLMN,"Bloomin' Brands, Inc.",Consumer Cyclical,6.0,511302528,2220568
BLNE,"Beeline Holdings, Inc.",Financial Services,3.03,84098120,1022555
BLNK,Blink Charging Co.,Industrials,0.71,100289440,4688350
BLRX,BioLineRx Ltd.,Healthcare,3.11,14598321,23432
BLTE,"Belite Bio, Inc",Healthcare,169.0,6339972608,234200
BLUW,Blue Water Acquisition Corp. II,Financial Services,10.34,334064736,128259
BLZE,"Backblaze, Inc.",Technology,4.55,262436720,775995
BLZR,Trailblazer Acquisition Corp.,Unknown,10.11,347531232,69709
BMBL,Bumble Inc.,Communication Services,3.35,532478080,2967422
BMEA,"Biomea Fusion, Inc.",Healthcare,1.12,79188080,1322213
BMGL,Basel Medical Group Ltd,Healthcare,0.7136,13405511,84967
BMHL,Bluemount Holdings Limited,Financial Services,3.6,91872528,3847
BMM,Blue Moon Metals Inc.,Basic Materials,4.24,346806240,212000
BMR,Beamr Imaging Ltd.,Technology,2.04,31680902,159280
BMRA,"Biomerica, Inc.",Healthcare,2.375,7172661,62416
BMRC,Bank of Marin Bancorp,Financial Services,26.85,432357152,89980
BMRN,BioMarin Pharmaceutical Inc.,Healthcare,56.54,10862144512,2721477
BNAI,Brand Engagement Network Inc.,Technology,24.75,144223600,9197567
BNBX,BNB Plus Corp.,Financial Services,1.29,5631547,123063
BNC,CEA Industries Inc.,Industrials,4.99,219874048,565149
BNGO,"Bionano Genomics, Inc.",Healthcare,1.3,13228800,250811
BNKK,"Bonk, Inc.",Financial Services,3.85,20763996,1653596
BNR,Burning Rock Biotech Limited,Healthcare,34.06,366710272,49186
BNRG,Brenmiller Energy Ltd,Utilities,2.82,2018699,86466
BNTC,Benitec Biopharma Inc.,Healthcare,12.18,412441888,244706
BNTX,BioNTech SE,Healthcare,113.75,28543371264,1179886
BNZI,"Banzai International, Inc.",Technology,1.22,14540334,779450
BODI,"The Beachbody Company, Inc.",Communication Services,11.38,80661864,245360
BOF,BranchOut Food Inc.,Consumer Defensive,2.98,39963172,84457
BOKF,BOK Financial Corporation,Financial Services,129.94,8218403328,319529
BOLD,"Boundless Bio, Inc.",Healthcare,1.16,25967310,146344
BOLT,"Bolt Biotherapeutics, Inc.",Healthcare,5.9,11324708,39527
BON,Bon Natural Life Limited,Basic Materials,1.67,16984984,39172
BOOM,DMC Global Inc.,Industrials,8.6,177078160,183386
BOSC,B.O.S. Better Online Solutions,Technology,4.83,29878380,106245
BOTJ,Bank of the James Financial Gro,Financial Services,18.9,85869104,2985
BOXL,Boxlight Corporation,Technology,1.23,1170805,2325481
BPAC,Blueport Acquisition Ltd,Unknown,9.98,73699800,124861
BPOP,"Popular, Inc.",Financial Services,133.53,8903093248,559168
BPRN,"Princeton Bancorp, Inc.",Financial Services,36.23,245132176,11413
BPYPP,Brookfield Property Partners L.,Real Estate,15.57,10289170432,25416
BRAG,Bragg Gaming Group Inc.,Consumer Cyclical,2.16,54970876,50567
BRBI,BRBI BR Partners S.A.,Financial Services,15.03,394521344,16214
BRCB,"Black Rock Coffee Bar, Inc.",Consumer Cyclical,14.91,260603712,444336
BRFH,Barfresh Food Group Inc.,Consumer Defensive,3.1,49504772,9904
BRID,Bridgford Foods Corporation,Consumer Defensive,7.56,68620856,2919
BRKR,Bruker Corporation,Healthcare,44.29,6729473536,2416480
BRLS,Borealis Foods Inc.,Consumer Defensive,0.9515,20422338,93290
BRLT,"Brilliant Earth Group, Inc.",Consumer Cyclical,1.56,156175536,85711
BRNS,Barinthus Biotherapeutics plc,Healthcare,0.73,29806158,87834
BRR,"ProCap Financial, Inc.",Financial Services,2.51,213768192,1059701
BRTX,"BioRestorative Therapies, Inc.",Healthcare,1.14,10118916,45873
BRZE,"Braze, Inc.",Technology,20.82,2336326656,2087626
BSAA,BEST SPAC I Acquisition Corp.,Financial Services,10.1901,75401640,12911
BSBK,Bogota Financial Corp.,Financial Services,8.45,109585488,5267
BSET,"Bassett Furniture Industries, I",Consumer Cyclical,15.8,137295408,18998
BSRR,Sierra Bancorp,Financial Services,35.41,481231552,52832
BSVN,Bank7 Corp.,Financial Services,44.44,420520416,12049
BSY,"Bentley Systems, Incorporated",Technology,35.12,10663518208,2143075
BTAI,"BioXcel Therapeutics, Inc.",Healthcare,1.59,34772492,599996
BTBD,"BT Brands, Inc.",Consumer Cyclical,1.33,8185783,40331
BTBT,"Bit Digital, Inc.",Financial Services,2.03,657059840,33378334
BTCS,BTCS Inc.,Financial Services,2.24,105614064,1199890
BTCT,BTC Digital Ltd.,Technology,1.37,13038256,98432
BTDR,Bitdeer Technologies Group,Technology,13.04,3030569472,7134780
BTM,Bitcoin Depot Inc.,Financial Services,1.02,77206048,1162742
BTMD,Biote Corp.,Healthcare,2.09,100009224,146116
BTOC,Armlogi Holding Corp.,Industrials,0.485,22039894,499309
BTOG,Bit Origin Limited,Financial Services,4.04,6018157,53987
BTQ,BTQ Technologies Corp.,Technology,3.345,468386752,3081570
BTSG,"BrightSpring Health Services, I",Healthcare,39.27,7082435072,1924181
BTTC,Black Titan Corp,Unknown,1.89,17173694,2213568
BULL,Webull Corporation,Technology,7.03,3527772416,15021660
BUSE,First Busey Corporation,Financial Services,24.65,2179282688,488409
BUUU,BUUU Group Limited,Industrials,11.49,191595744,62363
BVC,BitVentures Limited,Technology,8.78,1475040000,1239470
BVFL,"BV Financial, Inc.",Financial Services,19.12,170243104,18504
BVS,Bioventus Inc.,Healthcare,7.93,531123456,304331
BWAY,Brainsway Ltd.,Healthcare,23.38,464865824,91219
BWB,"Bridgewater Bancshares, Inc.",Financial Services,19.21,533268992,86450
BWEN,"Broadwind, Inc.",Industrials,3.0,69602960,289363
BWFG,"Bankwell Financial Group, Inc.",Financial Services,48.19,380698240,39481
BWIN,"The Baldwin Insurance Group, In",Financial Services,21.92,2604627968,1182437
BWMN,Bowman Consulting Group Ltd.,Industrials,34.83,605106112,136013
BYAH,Park Ha Biological Technology C,Consumer Defensive,0.0881,4911522,1878932
BYFC,Broadway Financial Corporation,Financial Services,8.18,75511064,7170
BYND,"Beyond Meat, Inc.",Consumer Defensive,0.7632,346164736,77845527
BYRN,"Byrna Technologies, Inc.",Industrials,13.71,311566816,415721
BYSI,"BeyondSpring, Inc.",Healthcare,1.54,63328372,261793
BZ,KANZHUN LIMITED - American Depo,Communication Services,18.52,8742514688,3129834
BZAI,"Blaize Holdings, Inc.",Technology,1.36,165978576,2458695
BZAIW,"Blaize Holdings, Inc. Warrants",,0.3675,5572292,0
BZFD,"BuzzFeed, Inc.",Communication Services,0.8804,32757810,430231
BZUN,Baozun Inc.,Consumer Cyclical,2.68,155427376,217224
CAAS,"China Automotive Systems, Inc.",Consumer Cyclical,4.43,133656208,35213
CABA,"Cabaletta Bio, Inc.",Healthcare,2.57,247401552,3159265
CABR,"Caring Brands, Inc.",Healthcare,0.8428,12420281,351798
CAC,Camden National Corporation,Financial Services,47.57,805089408,82624
CACC,Credit Acceptance Corporation,Financial Services,498.24,5496356352,137703
CADL,"Candel Therapeutics, Inc.",Healthcare,5.84,320606112,791303
CAEP,"Cantor Equity Partners III, Inc",Financial Services,10.23,358868384,284998
CAI,"Caris Life Sciences, Inc.",Healthcare,23.16,6534522368,2329836
CAKE,The Cheesecake Factory Incorpor,Consumer Cyclical,57.96,2888824064,1164870
CALC,"CalciMedica, Inc.",Healthcare,0.9,12968488,959257
CALM,"Cal-Maine Foods, Inc.",Consumer Defensive,83.53,3980542464,1166196
CAMP,CAMP4 THERAPEUTICS CORPORATION,Healthcare,3.7,191960208,168516
CAMT,Camtek Ltd.,Technology,146.53,6706129408,493357
CAN,Canaan Inc.,Technology,0.68,461280064,23980591
CAPN,Cayson Acquisition Corp,Financial Services,10.72,83937600,18240
CAPR,"Capricor Therapeutics, Inc.",Healthcare,21.89,1190800256,2860781
CAPS,Capstone Holding Corp.,Basic Materials,0.6,4983723,322445
CAPT,Captivision Inc.,Basic Materials,0.5785,18899924,3209614
CAR,"Avis Budget Group, Inc.",Industrials,114.99,4047302144,609047
CARE,"Carter Bankshares, Inc.",Financial Services,21.41,472883616,93747
CARG,"CarGurus, Inc.",Consumer Cyclical,32.4,3216030464,889365
CARL,"Carlsmed, Inc.",Healthcare,12.42,330283904,82265
CART,Maplebear Inc.,Consumer Cyclical,37.16,9789366272,5469101
CASH,"Pathward Financial, Inc.",Financial Services,90.29,2016988928,229349
CASI,"CASI Pharmaceuticals, Inc.",Healthcare,1.02,20959238,36573
CASS,"Cass Information Systems, Inc",Industrials,44.96,588269184,89950
CASY,"Caseys General Stores, Inc.",Consumer Cyclical,606.5,22481094656,308816
CATY,Cathay General Bancorp,Financial Services,51.18,3482114048,420877
CBAT,"CBAK Energy Technology, Inc.",Industrials,0.79,70030216,142200
CBC,"Central Bancompany, Inc.",Financial Services,24.1,5318024192,270423
CBFV,"CB Financial Services, Inc.",Financial Services,35.83,180458128,6434
CBIO,"Crescent Biopharma, Inc.",Healthcare,9.59,291984512,153460
CBK,"Commercial Bancgroup, Inc.",Financial Services,26.34,360804992,69103
CBLL,"CeriBell, Inc.",Healthcare,20.61,764542144,465013
CBNK,"Capital Bancorp, Inc.",Financial Services,30.72,507520928,47616
CBRL,Cracker Barrel Old Country Stor,Consumer Cyclical,30.12,672522240,1913336
CBSH,"Commerce Bancshares, Inc.",Financial Services,52.64,7756879360,1166548
CBUS,"Cibus, Inc.",Healthcare,1.95,106090688,240785
CCAP,"Crescent Capital BDC, Inc.",Financial Services,14.39,532322432,197532
CCB,Coastal Financial Corporation,Financial Services,95.78,1450127616,118601
CCBG,Capital City Bank Group,Financial Services,41.76,712794176,64436
CCC,CCC Intelligent Solutions Holdi,Technology,7.58,4936516096,8105140
CCCC,"C4 Therapeutics, Inc.",Healthcare,1.9,184137392,1640921
CCCX,Churchill Capital Corp X,Financial Services,13.5,702675008,2168809
CCD,Calamos Dynamic Convertible & I,Financial Services,22.47,629224448,82226
CCEC,Capital Clean Energy Carriers C,Industrials,21.89,1293312000,8159
CCEP,Coca-Cola Europacific Partners ,Consumer Defensive,91.7,41841840128,1603763
CCG,Cheche Group Inc.,Communication Services,0.7895,66036236,81144
CCHH,CCH Holdings Ltd,Consumer Cyclical,0.46,8855000,2441985
CCII,Cohen Circle Acquisition Corp. ,Financial Services,10.34,358729088,58237
CCIIW,Cohen Circle Acquisition Corp. ,,0.83,5249750,13724
CCIX,Churchill Capital Corp IX,Financial Services,10.66,390822240,260013
CCIXW,Churchill Capital Corp IX Warra,,0.75,23925000,18891
CCLD,"CareCloud, Inc.",Healthcare,2.71,114895984,353267
CCNE,CNB Financial Corporation,Financial Services,27.7,816491840,128073
CCOI,"Cogent Communications Holdings,",Communication Services,24.3,1195139712,1524701
CCRN,"Cross Country Healthcare, Inc.",Healthcare,9.32,305322752,881549
CCSI,"Consensus Cloud Solutions, Inc.",Technology,21.36,405963392,181732
CCTG,CCSC Technology International H,Industrials,0.8067,3157017,1078527
CD,Chaince Digital Holdings Inc. -,Financial Services,5.74,406821344,204844
CDIO,Cardio Diagnostics Holdings Inc,Healthcare,1.51,2757338,411545
CDLX,"Cardlytics, Inc. Common Stock",Communication Services,0.9685,52353768,918934
CDNA,"CareDx, Inc.",Healthcare,20.55,1093813760,878854
CDNL,Cardinal Infrastructure Group I,Industrials,25.19,965572096,396645
CDNS,"Cadence Design Systems, Inc.",Technology,296.36,80755130368,1746086
CDRO,"Codere Online Luxembourg, S.A.",Consumer Cyclical,8.0,365126528,32772
CDT,CDT Equity Inc.,Healthcare,1.09,2008532,278724
CDTG,CDT Environmental Technology In,Industrials,0.385,4745125,67416
CDW,CDW Corporation,Technology,126.39,16564767744,1699865
CDXS,"Codexis, Inc.",Healthcare,1.24,112002240,1169262
CDZI,"Cadiz, Inc.",Utilities,5.64,473534848,919932
CECO,CECO Environmental Corp.,Industrials,67.43,2403274752,302372
CEG,Constellation Energy Corporatio,Utilities,280.68,101687574528,2977606
CELC,Celcuity Inc.,Healthcare,109.42,5063001088,848196
CELH,"Celsius Holdings, Inc.",Consumer Defensive,52.48,13528571904,6159788
CELU,Celularity Inc.,Healthcare,1.22,35182104,63736
CELZ,Creative Medical Technology Hol,Healthcare,2.02,7059229,119560
CENN,Cenntro Inc.,Consumer Cyclical,0.1487,13072638,3442352
CENT,Central Garden & Pet Company,Consumer Defensive,33.83,2105381632,77263
CENTA,Central Garden & Pet Company,Consumer Defensive,30.67,1947632768,315519
CENX,Century Aluminum Company,Basic Materials,45.33,4231191552,2233483
CEPF,"Cantor Equity Partners IV, Inc.",Financial Services,10.47,598360512,118936
CEPO,"Cantor Equity Partners I, Inc.",Financial Services,10.46,266730000,215631
CEPT,"Cantor Equity Partners II, Inc.",Financial Services,12.42,379803616,484496
CEPV,"Cantor Equity Partners V, Inc.",Financial Services,10.25,325847488,253560
CERS,Cerus Corporation,Healthcare,2.33,447563872,1502573
CERT,"Certara, Inc.",Healthcare,8.79,1400012800,2276983
CETX,Cemtrex Inc.,Technology,1.54,13244851,6562288
CETY,"Clean Energy Technologies, Inc.",Industrials,0.7657,6916723,6206367
CEVA,"CEVA, Inc.",Technology,21.09,569805504,548832
CFBK,CF Bankshares Inc.,Financial Services,29.11,187578288,48011
CFFI,C&F Financial Corporation,Financial Services,75.3,244421696,4581
CFFN,"Capitol Federal Financial, Inc.",Financial Services,7.28,956870912,938239
CFLT,"Confluent, Inc.",Technology,30.54,10838293504,11594147
CG,The Carlyle Group Inc.,Financial Services,58.78,21261012992,2609118
CGBD,"Carlyle Secured Lending, Inc.",Financial Services,12.25,893061568,509506
CGC,Canopy Growth Corporation,Healthcare,1.09,440495264,30645595
CGCT,Cartesian Growth Corporation II,Financial Services,10.31,355695008,236609
CGEM,"Cullinan Therapeutics, Inc.",Healthcare,11.96,706552064,1016308
CGEN,Compugen Ltd.,Healthcare,1.84,173204656,426018
CGNT,Cognyte Software Ltd.,Technology,9.03,659533888,255981
CGNX,Cognex Corporation,Technology,38.74,6492748800,1726934
CGO,Calamos Global Total Return Fun,Financial Services,12.32,121072256,25108
CGON,"CG Oncology, Inc.",Healthcare,52.05,4300594176,1074793
CGTL,Creative Global Technology Hold,Consumer Cyclical,3.14,80776504,2225447
CGTX,"Cognition Therapeutics, Inc.",Healthcare,1.09,96218944,986857
CHA,Chagee Holdings Limited,Consumer Cyclical,11.72,2177019392,894003
CHAC,Crane Harbor Acquisition Corp.,Financial Services,10.62,318316768,543040
CHAI,"Core AI Holdings, Inc.",Communication Services,1.68,33469672,143578
CHAR,Charlton Aria Acquisition Corpo,Financial Services,10.54,115571096,4209
CHCI,"Comstock Holding Companies, Inc",Real Estate,11.01,111065040,26188
CHCO,City Holding Company,Financial Services,123.09,1773560832,93655
CHDN,"Churchill Downs, Incorporated",Consumer Cyclical,98.36,6897427968,698257
CHEC,Chenghe Acquisition III Co.,Financial Services,10.06,173783168,30701
CHEF,"The Chefs' Warehouse, Inc.",Consumer Defensive,62.9,2563971072,413204
CHI,Calamos Convertible Opportuniti,Financial Services,11.23,894218880,200883
CHKP,Check Point Software Technologi,Technology,179.51,19271245824,968570
CHMG,Chemung Financial Corp,Financial Services,60.77,292242944,7952
CHNR,"China Natural Resources, Inc.",Basic Materials,4.27,5364776,25421
CHPG,ChampionsGate Acquisition Corpo,Financial Services,10.32,103068792,2778
CHR,"Cheer Holding, Inc.",Communication Services,1.33,6232710,1025462
CHRD,Chord Energy Corporation,Energy,100.24,5739552256,731785
CHRS,"Coherus Oncology, Inc.",Healthcare,2.16,261081408,1882713
CHRW,"C.H. Robinson Worldwide, Inc.",Industrials,194.95,23030841344,1659518
CHSN,Chanson International Holding,Consumer Cyclical,2.13,83024808,20586
CHTR,"Charter Communications, Inc.",Communication Services,206.12,26673858560,1947362
CHW,Calamos Global Dynamic Income F,Financial Services,8.01,511553760,167039
CHY,Calamos Convertible and High In,Financial Services,11.73,938693376,203663
CHYM,"Chime Financial, Inc.",Technology,25.42,9521772544,3962421
CIFR,Cipher Mining Inc.,Financial Services,15.96,6305669120,37346801
CIGI,Colliers International Group In,Real Estate,136.7,6963678208,130504
CIGL,Concorde International Group Lt,Industrials,2.07,55859916,34737
CIIT,"Tianci International, Inc.",Industrials,0.629,15430505,415898
CINF,Cincinnati Financial Corporatio,Financial Services,160.89,25159401472,576501
CING,Cingulate Inc.,Healthcare,5.74,42741680,197777
CISO,"CISO Global, Inc.",Technology,0.4368,19239444,630808
CISS,C3is Inc.,Industrials,1.83,2260050,622930
CIVB,"Civista Bancshares, Inc.",Financial Services,24.13,500634016,98262
CJMB,Callan JMB Inc.,Industrials,1.66,7674224,3396654
CLAR,Clarus Corporation,Consumer Cyclical,3.83,147078976,136363
CLBK,"Columbia Financial, Inc.",Financial Services,16.27,1707164544,114734
CLBT,Cellebrite DI Ltd.,Technology,14.71,3596140544,1267468
CLDX,"Celldex Therapeutics, Inc.",Healthcare,24.6,1634657024,768352
CLFD,"Clearfield, Inc.",Technology,29.77,412216800,121386
CLGN,CollPlant Biotechnologies Ltd.,Healthcare,1.89,24147368,27165
CLIK,CLICK HOLDINGS LIMITED,Consumer Cyclical,4.3951,14341357,114116
CLIR,ClearSign Technologies Corporat,Industrials,0.601,32017316,149300
CLLS,Cellectis S.A.,Healthcare,3.79,387108704,96783
CLMB,"Climb Global Solutions, Inc.",Technology,118.59,547108672,70632
CLMT,"Calumet, Inc",Basic Materials,22.41,1944164352,897752
CLNE,Clean Energy Fuels Corp.,Energy,2.2,482462208,1198822
CLNN,Clene Inc.,Consumer Defensive,4.09,48173280,181493
CLOV,"Clover Health Investments, Corp",Healthcare,2.24,1157358848,5953972
CLPS,CLPS Incorporation,Technology,1.05,31230624,21160
CLPT,ClearPoint Neuro Inc.,Healthcare,12.93,384645632,800029
CLRB,"Cellectar Biosciences, Inc.",Healthcare,3.22,13653232,87773
CLRO,"ClearOne, Inc.",Technology,6.47,14479290,12270
CLSK,"CleanSpark, Inc.",Financial Services,11.84,3028084480,31565622
CLST,"Catalyst Bancorp, Inc.",Financial Services,15.55,63967412,5808
CLWT,Euro Tech Holdings Company Limi,Industrials,1.28,9749560,55000
CLYM,"Climb Bio, Inc.",Healthcare,4.47,304784384,1250626
CMBM,Cambium Networks Corporation,Technology,1.45,40953524,3286157
CMCO,Columbus McKinnon Corporation,Industrials,21.08,605591744,292680
CMCSA,Comcast Corporation,Communication Services,29.75,117249646592,39238583
CMCT,Creative Media,Real Estate,3.03,2869500,3904955
CME,CME Group Inc.,Financial Services,289.06,103920656384,1904190
CMMB,Chemomab Therapeutics Ltd.,Healthcare,1.55,9540431,82991
CMND,Clearmind Medicine Inc.,Healthcare,2.17,3254650,421310
CMPR,Cimpress PLC,Industrials,79.09,1951291264,163968
CMPS,COMPASS Pathways Plc - American,Healthcare,6.69,642353984,1650596
CMPX,"Compass Therapeutics, Inc.",Healthcare,6.4,1138317440,2196108
CMRC,"Commerce.com, Inc. - Series 1",Technology,3.12,253541616,836773
CMTL,Comtech Telecommunications Corp,Technology,5.56,164739328,354995
CNCK,Coincheck Group N.V.,Financial Services,2.86,388751552,662539
CNDT,Conduent Incorporated,Technology,1.39,219583872,1335934
CNET,ZW Data Action Technologies Inc,Communication Services,1.175,3840451,9483
CNEY,CN Energy Group Inc.,Basic Materials,1.01,5679993,2324663
CNOB,"ConnectOne Bancorp, Inc.",Financial Services,26.62,1338269696,277842
CNSP,"CNS Pharmaceuticals, Inc.",Healthcare,5.58,3461218,35532
CNTA,Centessa Pharmaceuticals plc,Healthcare,24.57,3631935744,1791422
CNTB,Connect Biopharma Holdings Limi,Healthcare,2.4,134168432,284688
CNTX,Context Therapeutics Inc.,Healthcare,2.61,239804640,1225747
CNTY,"Century Casinos, Inc.",Consumer Cyclical,1.52,46637556,123900
CNVS,Cineverse Corp.,Communication Services,2.0,38300808,134342
CNXC,Concentrix Corporation,Technology,37.35,2325315328,1132483
CNXN,"PC Connection, Inc.",Technology,58.81,1493127424,76104
COCH,"Envoy Medical, Inc.",Healthcare,0.6499,18804832,280831
COCO,"The Vita Coco Company, Inc.",Consumer Defensive,53.35,3038189312,730870
COCP,"Cocrystal Pharma, Inc.",Healthcare,0.9802,13511141,77539
CODA,"Coda Octopus Group, Inc.",Industrials,10.65,120031616,95114
COEP,"Coeptis Therapeutics Holdings, ",Healthcare,13.86,79864384,73178
COFS,"ChoiceOne Financial Services, I",Financial Services,28.69,431030912,134277
COGT,"Cogent Biosciences, Inc.",Healthcare,35.91,5512385024,3303704
COHU,"Cohu, Inc.",Technology,28.54,1332607360,626455
COIN,"Coinbase Global, Inc. - 3",Financial Services,194.74,52513124352,9172670
COKE,"Coca-Cola Consolidated, Inc.",Consumer Defensive,152.06,10129320960,495667
COLA,Columbus Acquisition Corp,Financial Services,10.57,83971152,69091
COLAU,Columbus Acquisition Corp,Financial Services,11.2,88976048,204
COLB,"Columbia Banking System, Inc.",Financial Services,29.44,8806121472,2748880
COLL,"Collegium Pharmaceutical, Inc.",Healthcare,45.92,1451575936,550513
COLM,Columbia Sportswear Company,Consumer Cyclical,55.28,3027689216,574427
COO,"The Cooper Companies, Inc.",Healthcare,81.38,16179069952,2663245
COOT,Australian Oilseeds Holdings Li,Consumer Defensive,0.68,18971008,198468
CORT,Corcept Therapeutics Incorporat,Healthcare,39.87,4201170688,1793598
CORZ,"Core Scientific, Inc.",Technology,17.99,5578002944,12385127
COSM,Cosmos Health Inc.,Healthcare,0.4804,17941030,764308
COST,Costco Wholesale Corporation,Consumer Defensive,940.25,417431224320,2748391
COYA,"Coya Therapeutics, Inc.",Healthcare,4.65,97298720,238731
CPB,The Campbell's Company,Consumer Defensive,27.98,8341795840,6776052
CPBI,"Central Plains Bancshares, Inc.",Financial Services,17.51,73766808,3950
CPHC,Canterbury Park Holding Corpora,Consumer Cyclical,15.5,79038720,1585
CPIX,Cumberland Pharmaceuticals Inc.,Healthcare,3.75,56099764,176168
CPOP,"Pop Culture Group Co., Ltd",Communication Services,0.416,34086640,279308
CPRT,"Copart, Inc.",Industrials,40.58,39282159616,8869936
CPRX,"Catalyst Pharmaceuticals, Inc.",Healthcare,24.3,2986770944,1312724
CPSH,CPS Technologies Corp.,Technology,5.34,96009344,282247
CPSS,"Consumer Portfolio Services, In",Financial Services,8.63,191794752,20650
CPZ,Calamos Long/Short Equity & Dyn,Financial Services,14.78,290163808,90644
CRAC,Crown Reserve Acquisition Corp.,Unknown,9.98,215193744,218061
CRAI,"CRA International,Inc.",Industrials,188.94,1243998592,104372
CRAN,Crane Harbor Acquisition Corp. ,Unknown,10.0,469000000,251357
CRAQ,Cal Redwood Acquisition Corp.,Unknown,10.18,396936544,15067
CRBP,Corbus Pharmaceuticals Holdings,Healthcare,8.27,145163616,354737
CRBU,"Caribou Biosciences, Inc.",Healthcare,1.41,131789936,2311126
CRCT,"Cricut, Inc.",Technology,4.47,949724736,539001
CRDF,"Cardiff Oncology, Inc.",Healthcare,1.75,117880976,1220445
CRDL,Cardiol Therapeutics Inc.,Healthcare,0.9507,105927688,450547
CRDO,Credo Technology Group Holding ,Technology,125.28,22629539840,6093598
CRE,Cre8 Enterprise Limited,Industrials,0.3255,7866521,448695
CREG,Smart Powerr Corp.,Utilities,1.15,23930492,74581
CRESY,Cresud S.A.C.I.F. y A.,Industrials,13.51,943177344,258413
CREV,Carbon Revolution Public Limite,Consumer Cyclical,1.59,3065226,108842
CREX,"Creative Realities, Inc.",Technology,3.12,32819066,80504
CRGO,Freightos Limited,Industrials,2.12,108725992,100268
CRIS,"Curis, Inc.",Healthcare,0.898,11610110,470122
CRMD,CorMedix Inc.,Healthcare,7.76,611403008,3336514
CRML,Critical Metals Corp.,Basic Materials,13.17,1552802304,14573542
CRMT,"America's Car-Mart, Inc.",Consumer Cyclical,25.72,213342432,160644
CRNC,Cerence Inc.,Technology,11.33,510031648,1246277
CRNT,Ceragon Networks Ltd.,Technology,2.3,206746928,640683
CRNX,"Crinetics Pharmaceuticals, Inc.",Healthcare,49.94,5119440896,1358772
CRON,Cronos Group Inc. Common Share,Healthcare,2.51,961106240,2285596
CROX,"Crocs, Inc.",Consumer Cyclical,83.92,4583488512,1356575
CRSP,CRISPR Therapeutics AG,Healthcare,49.96,4761199616,2008813
CRSR,"Corsair Gaming, Inc.",Technology,5.1,543533568,1106077
CRTO,Criteo S.A.,Communication Services,19.17,980581248,533611
CRUS,"Cirrus Logic, Inc.",Technology,130.34,6690636288,530632
CRVL,CorVel Corp.,Financial Services,69.63,3572906496,177096
CRVO,CervoMed Inc.,Healthcare,5.15,47651504,72700
CRVS,"Corvus Pharmaceuticals, Inc.",Healthcare,20.7,1733990400,3423711
CRWD,"CrowdStrike Holdings, Inc.",Technology,441.405,111277506560,2420816
CRWS,"Crown Crafts, Inc.",Consumer Cyclical,2.95,31573222,62634
CRWV,"CoreWeave, Inc.",Technology,93.19,48575594496,30324495
CSAI,"Cloudastructure, Inc.",Technology,0.8024,15711403,741288
CSB,VictoryShares US Small Cap High,Unknown,0.0,12572862464,14231
CSBR,"Champions Oncology, Inc.",Healthcare,7.31,101509040,12998
CSCO,"Cisco Systems, Inc.",Technology,78.32,309449719808,21274281
CSGP,"CoStar Group, Inc.",Real Estate,61.5,26065100800,5141252
CSGS,"CSG Systems International, Inc.",Technology,79.75,2274510592,500498
CSIQ,Canadian Solar Inc.,Technology,19.125,1280844288,5294416
CSPI,CSP Inc.,Technology,11.42,113112624,19057
CSQ,Calamos Strategic Total Return ,Financial Services,19.31,3096737536,257318
CSTE,Caesarstone Ltd.,Industrials,2.18,75365376,264060
CSTL,"Castle Biosciences, Inc.",Healthcare,39.39,1149741312,441909
CSWC,Capital Southwest Corporation,Financial Services,23.44,1347026560,608506
CSX,CSX Corporation,Industrials,37.76,70395092992,13359452
CTAS,Cintas Corporation,Industrials,191.39,76913262592,2002896
CTBI,"Community Trust Bancorp, Inc.",Financial Services,61.7,1117747840,65559
CTKB,"Cytek Biosciences, Inc.",Healthcare,5.0,639324160,1299831
CTLP,"Cantaloupe, Inc.",Technology,10.74,791508224,794449
CTMX,"CytomX Therapeutics, Inc.",Healthcare,5.69,964087360,3289916
CTNM,"Contineum Therapeutics, Inc.",Healthcare,14.26,520909952,239014
CTNT,Cheetah Net Supply Chain Servic,Industrials,1.06,3623702,161036
CTOR,"Citius Oncology, Inc.",Healthcare,1.06,93571704,460554
CTRM,Castor Maritime Inc.,Industrials,2.35,22706530,71842
CTRN,"Citi Trends, Inc.",Consumer Cyclical,43.15,360097984,117544
CTSH,Cognizant Technology Solutions ,Technology,82.06,40077770752,4659039
CTSO,Cytosorbents Corporation,Healthcare,0.63,39566712,115981
CTW,CTW Cayman,Communication Services,1.73,107952000,128019
CTXR,"Citius Pharmaceuticals, Inc.",Healthcare,0.7401,16560795,809608
CUB,Lionheart Holdings,Financial Services,10.68,327520032,23385
CUBWU,Lionheart Holdings,Financial Services,10.75,286667040,465
CUE,"Cue Biopharma, Inc.",Healthcare,0.3348,30546394,1211498
CUPR,Cuprina Holdings (Cayman) Limit,Healthcare,0.4228,9069060,94360
CURI,CuriosityStream Inc.,Communication Services,3.72,216870448,792416
CURR,Currenc Group Inc.,Technology,1.48,113384936,837206
CURX,Curanex Pharmaceuticals Inc,Healthcare,0.3238,9176755,218637
CV,"CapsoVision, Inc.",Healthcare,5.02,235152976,317552
CVBF,CVB Financial Corporation,Financial Services,19.71,2671725824,1288065
CVCO,"Cavco Industries, Inc.",Consumer Cyclical,492.02,3831175680,168881
CVGI,"Commercial Vehicle Group, Inc.",Consumer Cyclical,1.5,55097076,117291
CVGW,"Calavo Growers, Inc.",Consumer Defensive,25.44,454716608,436175
CVKD,"Cadrenal Therapeutics, Inc.",Healthcare,6.95,16249982,52604
CVLT,"Commvault Systems, Inc.",Technology,85.7,3778886400,858040
CVRX,"CVRx, Inc.",Healthcare,6.85,179539232,276252
CVV,CVD Equipment Corporation,Industrials,4.81,33368600,47272
CWBC,Community West Bancshares,Financial Services,23.97,459347936,125726
CWCO,Consolidated Water Co. Ltd.,Utilities,37.88,603479040,77770
CWD,CaliberCos Inc.,Financial Services,1.22,8424272,133303
CWST,"Casella Waste Systems, Inc.",Industrials,100.88,6405205504,901070
CXAI,CXApp Inc.,Technology,0.3264,10410832,3874183
CXDO,"Crexendo, Inc.",Communication Services,7.0,215117344,188601
CYBR,CyberArk Software Ltd.,Technology,430.83,21746984960,561939
CYCN,"Cyclerion Therapeutics, Inc.",Healthcare,1.36,5176448,1838618
CYCU,"Cycurion, Inc.",Technology,2.2,7949984,1435513
CYN,Cyngn Inc.,Technology,1.76,14034910,1695995
CYPH,Cypherpunk Technologies Inc.,Financial Services,0.7454,42228284,25750836
CYRX,"CryoPort, Inc.",Industrials,9.51,476155296,497852
CYTK,"Cytokinetics, Incorporated",Healthcare,63.19,7725920768,1917777
CZFS,"Citizens Financial Services, In",Financial Services,63.25,304047808,10331
CZNC,Citizens & Northern Corp,Financial Services,22.76,405661600,57318
CZR,"Caesars Entertainment, Inc.",Consumer Cyclical,20.7,4305424896,6645503
CZWI,"Citizens Community Bancorp, Inc",Financial Services,18.14,175227792,37085
DAAQ,Digital Asset Acquisition Corp.,Financial Services,10.22,235060000,119863
DAIC,"CID HoldCo, Inc.",Technology,0.408,11331515,2770908
DAIO,Data I/O Corporation,Technology,3.1,29114958,23013
DAKT,"Daktronics, Inc.",Technology,23.15,1128511872,437116
DARE,"Dare Bioscience, Inc.",Healthcare,1.81,25863504,161181
DASH,"DoorDash, Inc.",Consumer Cyclical,204.62,88190918656,5399837
DAVE,Dave Inc.,Technology,163.69,2210483200,519704
DAWN,"Day One Biopharmaceuticals, Inc",Healthcare,11.16,1145858560,2972596
DBGI,"Digital Brands Group, Inc.",Consumer Cyclical,7.28,59611088,199606
DBVT,DBV Technologies S.A.,Healthcare,21.61,1173260032,472004
DBX,"Dropbox, Inc.",Technology,25.48,6663711232,3708113
DCBO,Docebo Inc.,Technology,19.66,566065088,101749
DCGO,DocGo Inc.,Healthcare,0.7666,74983736,807186
DCOM,"Dime Community Bancshares, Inc.",Financial Services,34.02,1493285632,297190
DCOY,Decoy Therapeutics Inc.,Healthcare,0.7709,4921562,3881168
DCTH,"Delcath Systems, Inc.",Healthcare,9.91,349958944,643660
DCX,Digital Currency X Technology I,Consumer Cyclical,3.43,1253123,606798
DDI,"DoubleDown Interactive Co., Ltd",Communication Services,8.46,419222112,67067
DDOG,"Datadog, Inc.",Technology,129.32,45348745216,5001060
DEFT,"Defi Technologies, Inc.",Financial Services,0.73,301392544,7932511
DERM,Journey Medical Corporation,Healthcare,8.36,278025056,168126
DEVS,DevvStream Corp.,Industrials,1.02,4467612,424432
DFDV,DeFi Development Corp.,Financial Services,5.17,154545776,1760049
DFLI,Dragonfly Energy Holdings Corp,Industrials,3.2,38651860,1179370
DFSC,DEFSEC Technologies Inc.,Industrials,1.94,3880106,80696
DFTX,"Definium Therapeutics, Inc.",Healthcare,16.88,1641059840,1983745
DGICA,"Donegal Group, Inc.",Financial Services,18.67,684097920,112206
DGICB,"Donegal Group, Inc.",Financial Services,16.58,719701248,1649
DGII,Digi International Inc.,Technology,43.07,1618972544,279555
DGNX,Diginex Limited,Industrials,1.1,223305920,2199621
DGXX,Digi Power X Inc.,Utilities,2.6,169821056,4504642
DH,Definitive Healthcare Corp.,Healthcare,2.32,241480000,427754
DHC,Diversified Healthcare Trust,Real Estate,5.81,1406873856,1244101
